040,Buick Challenge,2000,Buick Challenge
040,Buick Challenge,2001,Buick Challenge
040,Buick Challenge,2002,Buick Challenge
023,the Memorial Tournament,2016,the Memorial Tournament presented by Nationwide
023,the Memorial Tournament,2003,the Memorial Tournament
023,the Memorial Tournament,2004,the Memorial Tournament
023,the Memorial Tournament,2005,the Memorial Tournament
023,the Memorial Tournament,2006,the Memorial Tournament
023,the Memorial Tournament,2007,the Memorial Tournament presented by Morgan Stanley
023,the Memorial Tournament,2008,the Memorial Tournament presented by Morgan Stanley
023,the Memorial Tournament,2009,the Memorial Tournament
023,the Memorial Tournament,2010,the Memorial Tournament presented by Nationwide Insurance
023,the Memorial Tournament,2011,the Memorial Tournament presented by Nationwide Insurance
023,the Memorial Tournament,2012,the Memorial Tournament presented by Nationwide Insurance
023,the Memorial Tournament,2013,the Memorial Tournament presented by Nationwide Insurance
023,the Memorial Tournament,2014,the Memorial Tournament presented by Nationwide Insurance
023,the Memorial Tournament,2015,the Memorial Tournament presented by Nationwide
023,Memorial Tournament,2000,Memorial Tournament
023,Memorial Tournament,2001,Memorial Tournament
023,Memorial Tournament,2002,Memorial Tournament
045,Children's Miracle,2011,Children's Miracle Network Hospitals Classic
045,Children's Miracle,2012,Children's Miracle Network Hospitals Classic
045,Disney Golf Classic,2002,Disney Golf Classic
045,National Car at Disney,2000,National Car Rental Golf Classic Disney
045,National Car at Disney,2001,National Car Rental Golf Classic Disney
045,Children's Miracle-Disney,2008,Children's Miracle Network Classic presented by Wal-Mart
045,Children's Miracle-Disney,2009,Children's Miracle Network Classic
045,Children's Miracle-Disney,2010,Children's Miracle Network Classic
045,Children's Miracle-Disney,2007,Children's Miracle Network Classic presented by Wal-Mart
045,FUNAI Classic-Disney,2003,FUNAI Classic at the WALT DISNEY WORLD Resort
045,FUNAI Classic-Disney,2004,FUNAI Classic at the WALT DISNEY WORLD Resort
045,FUNAI Classic-Disney,2005,FUNAI Classic at the WALT DISNEY WORLD Resort
045,FUNAI Classic-Disney,2006,FUNAI Classic at the WALT DISNEY WORLD Resort
004,Farmers Insurance Open,2016,Farmers Insurance Open
004,Farmers Insurance Open,2017,Farmers Insurance Open
004,Farmers Insurance Open,2010,Farmers Insurance Open
004,Farmers Insurance Open,2011,Farmers Insurance Open
004,Farmers Insurance Open,2012,Farmers Insurance Open
004,Farmers Insurance Open,2013,Farmers Insurance Open
004,Farmers Insurance Open,2014,Farmers Insurance Open
004,Farmers Insurance Open,2015,Farmers Insurance Open
004,Buick Invitational,2000,Buick Invitational
004,Buick Invitational,2001,Buick Invitational
004,Buick Invitational,2002,Buick Invitational
004,Buick Invitational,2003,Buick Invitational
004,Buick Invitational,2004,Buick Invitational
004,Buick Invitational,2005,Buick Invitational
004,Buick Invitational,2006,Buick Invitational
004,Buick Invitational,2007,Buick Invitational
004,Buick Invitational,2008,Buick Invitational
004,Buick Invitational,2009,Buick Invitational
035,Buick Open,2000,Buick Open
035,Buick Open,2001,Buick Open
035,Buick Open,2002,Buick Open
035,Buick Open,2003,Buick Open
035,Buick Open,2004,Buick Open
035,Buick Open,2005,Buick Open
035,Buick Open,2006,Buick Open
035,Buick Open,2007,Buick Open
035,Buick Open,2008,Buick Open
035,Buick Open,2009,Buick Open
457,OHL Classic at Mayakoba,2016,OHL Classic at Mayakoba
457,OHL Classic at Mayakoba,2017,OHL Classic at Mayakoba
457,OHL Classic at Mayakoba,2013,OHL Classic at Mayakoba
457,OHL Classic at Mayakoba,2014,OHL Classic at Mayakoba
457,OHL Classic at Mayakoba,2015,OHL Classic at Mayakoba
457,Mayakoba Golf Classic,2007,Mayakoba Golf Classic at Riviera Maya-Cancun
457,Mayakoba Golf Classic,2008,Mayakoba Golf Classic at Riviera Maya-Cancun
457,Mayakoba Golf Classic,2009,Mayakoba Golf Classic at Riviera Maya-Cancun
457,Mayakoba Golf Classic,2010,Mayakoba Golf Classic at Riviera Maya-Cancun
457,Mayakoba Golf Classic,2011,Mayakoba Golf Classic at Riviera Maya-Cancun
457,Mayakoba Golf Classic,2012,Mayakoba Golf Classic
010,The Honda Classic,2016,The Honda Classic
010,The Honda Classic,2017,The Honda Classic
010,The Honda Classic,2002,The Honda Classic
010,The Honda Classic,2003,The Honda Classic
010,The Honda Classic,2004,The Honda Classic
010,The Honda Classic,2005,The Honda Classic
010,The Honda Classic,2006,The Honda Classic
010,The Honda Classic,2007,The Honda Classic
010,The Honda Classic,2008,The Honda Classic
010,The Honda Classic,2009,The Honda Classic
010,The Honda Classic,2010,The Honda Classic
010,The Honda Classic,2011,The Honda Classic
010,The Honda Classic,2012,The Honda Classic
010,The Honda Classic,2013,The Honda Classic
010,The Honda Classic,2014,The Honda Classic
010,The Honda Classic,2015,The Honda Classic
010,Honda Classic,2000,Honda Classic
010,Honda Classic,2001,Honda Classic
054,Viking Classic,2008,Viking Classic
054,Viking Classic,2009,Viking Classic
054,Viking Classic,2010,Viking Classic
054,Viking Classic,2011,Viking Classic
054,Viking Classic,2007,Viking Classic
054,Sanderson Farms Champ.,2016,Sanderson Farms Championship
054,Sanderson Farms Champ.,2017,Sanderson Farms Championship
054,Sanderson Farms Champ.,2013,Sanderson Farms Championship
054,Sanderson Farms Champ.,2014,Sanderson Farms Championship
054,Sanderson Farms Champ.,2015,Sanderson Farms Championship
054,True South Classic,2012,True South Classic
054,Southern Farm Bureau Clas,2000,Southern Farm Bureau Classic
054,Southern Farm Bureau Clas,2001,Southern Farm Bureau Classic
054,Southern Farm Bureau Clas,2002,Southern Farm Bureau Classic
054,Southern Farm Bureau Clas,2003,Southern Farm Bureau Classic
054,Southern Farm Bureau Clas,2004,Southern Farm Bureau Classic
054,Southern Farm Bureau Clas,2005,Southern Farm Bureau Classic
054,Southern Farm Bureau Clas,2006,Southern Farm Bureau Classic
012,MCI Classic,2000,MCI Classic
012,MCI Heritage,2003,MCI Heritage
012,MCI Heritage,2004,MCI Heritage
012,MCI Heritage,2005,MCI Heritage
012,RBC Heritage,2016,RBC Heritage
012,RBC Heritage,2017,RBC Heritage
012,RBC Heritage,2012,RBC Heritage
012,RBC Heritage,2013,RBC Heritage
012,RBC Heritage,2014,RBC Heritage
012,RBC Heritage,2015,RBC Heritage
012,WORLDCOM CLASSIC,2001,WORLDCOM CLASSIC-The Heritage of Golf
012,WORLDCOM CLASSIC,2002,WORLDCOM CLASSIC-The Heritage of Golf
012,The Heritage,2011,The Heritage
012,Verizon Heritage,2008,Verizon Heritage
012,Verizon Heritage,2009,Verizon Heritage
012,Verizon Heritage,2010,Verizon Heritage
012,Verizon Heritage,2006,Verizon Heritage
012,Verizon Heritage,2007,Verizon Heritage
013,Chrysler-Greensboro,2003,Chrysler Classic of Greensboro
013,Chrysler-Greensboro,2004,Chrysler Classic of Greensboro
013,Chrysler-Greensboro,2005,Chrysler Classic of Greensboro
013,Chrysler-Greensboro,2006,Chrysler Classic of Greensboro
013,Greater Greensboro Chrys,2000,Greater Greensboro Chrysler Classic
013,Greater Greensboro Chrys,2001,Greater Greensboro Chrysler Classic
013,Greater Greensboro Chrys,2002,Greater Greensboro Chrysler Classic
013,Wyndham Championship,2016,Wyndham Championship
013,Wyndham Championship,2007,Wyndham Championship
013,Wyndham Championship,2008,Wyndham Championship
013,Wyndham Championship,2009,Wyndham Championship
013,Wyndham Championship,2010,Wyndham Championship
013,Wyndham Championship,2011,Wyndham Championship
013,Wyndham Championship,2012,Wyndham Championship
013,Wyndham Championship,2013,Wyndham Championship
013,Wyndham Championship,2014,Wyndham Championship
013,Wyndham Championship,2015,Wyndham Championship
058,Franklin Templeton,2016,Franklin Templeton Shootout
058,Franklin Templeton,2017,Franklin Templeton Shootout
058,Franklin Templeton,2000,Franklin Templeton Shootout
058,Franklin Templeton,2001,Franklin Templeton Shootout
058,Franklin Templeton,2002,Franklin Templeton Shootout
058,Franklin Templeton,2003,Franklin Templeton Shootout
058,Franklin Templeton,2004,Franklin Templeton Shootout
058,Franklin Templeton,2005,Franklin Templeton Shootout
058,Franklin Templeton,2011,Franklin Templeton Shootout
058,Franklin Templeton,2012,Franklin Templeton Shootout
058,Franklin Templeton,2013,Franklin Templeton Shootout
058,Franklin Templeton,2014,Franklin Templeton Shootout
058,Franklin Templeton,2015,Franklin Templeton Shootout
058,The Shark Shootout,2009,The Shark Shootout
058,The Shark Shootout,2010,The Shark Shootout
058,Merrill Lynch Shootout,2008,Merrill Lynch Shootout
058,Merrill Lynch Shootout,2006,Merrill Lynch Shootout
058,Merrill Lynch Shootout,2007,Merrill Lynch Shootout
016,Hyundai T of C,2016,Hyundai Tournament of Champions
016,Hyundai T of C,2011,Hyundai Tournament of Champions
016,Hyundai T of C,2012,Hyundai Tournament of Champions
016,Hyundai T of C,2013,Hyundai Tournament of Champions
016,Hyundai T of C,2014,Hyundai Tournament of Champions
016,Hyundai T of C,2015,Hyundai Tournament of Champions
016,Mercedes Championships,2000,Mercedes Championships
016,Mercedes Championships,2001,Mercedes Championships
016,Mercedes Championships,2002,Mercedes Championships
016,Mercedes Championships,2003,Mercedes Championships
016,Mercedes Championships,2004,Mercedes Championships
016,Mercedes Championships,2005,Mercedes Championships
016,Mercedes Championships,2006,Mercedes Championships
016,SBS Tournament of Champ,2017,SBS Tournament of Champions
016,Mercedes-Benz Champ,2008,Mercedes-Benz Championship
016,Mercedes-Benz Champ,2009,Mercedes-Benz Championship
016,Mercedes-Benz Champ,2007,Mercedes-Benz Championship
016,SBS Championship,2010,SBS Championship
019,Verizon Byron Nelson,2001,Verizon Byron Nelson Classic
019,Verizon Byron Nelson,2002,Verizon Byron Nelson Classic
019,GTE Byron Nelson Classic,2000,GTE Byron Nelson Classic
019,EDS Byron Nelson Champ,2003,EDS Byron Nelson Championship
019,EDS Byron Nelson Champ,2004,EDS Byron Nelson Championship
019,EDS Byron Nelson Champ,2005,EDS Byron Nelson Championship
019,EDS Byron Nelson Champ,2006,EDS Byron Nelson Championship
019,EDS Byron Nelson Champ,2007,EDS Byron Nelson Championship
019,EDS Byron Nelson Champ,2008,EDS Byron Nelson Championship
019,AT&T; Byron Nelson,2016,AT&T; Byron Nelson
019,AT&T; Byron Nelson,2015,AT&T; Byron Nelson
019,HP Byron Nelson Champ,2009,HP Byron Nelson Championship
019,HP Byron Nelson Champ,2010,HP Byron Nelson Championship
019,HP Byron Nelson Champ,2011,HP Byron Nelson Championship
019,HP Byron Nelson Champ,2012,HP Byron Nelson Championship
019,HP Byron Nelson Champ,2013,HP Byron Nelson Championship
019,HP Byron Nelson Champ,2014,HP Byron Nelson Championship
018,Zurich Classic of New Orl,2016,Zurich Classic of New Orleans
018,Zurich Classic of New Orl,2005,Zurich Classic of New Orleans
018,Zurich Classic of New Orl,2006,Zurich Classic of New Orleans
018,Zurich Classic of New Orl,2007,Zurich Classic of New Orleans
018,Zurich Classic of New Orl,2008,Zurich Classic of New Orleans
018,Zurich Classic of New Orl,2009,Zurich Classic of New Orleans
018,Zurich Classic of New Orl,2010,Zurich Classic of New Orleans
018,Zurich Classic of New Orl,2011,Zurich Classic of New Orleans
018,Zurich Classic of New Orl,2012,Zurich Classic of New Orleans
018,Zurich Classic of New Orl,2013,Zurich Classic of New Orleans
018,Zurich Classic of New Orl,2014,Zurich Classic of New Orleans
018,Zurich Classic of New Orl,2015,Zurich Classic of New Orleans
018,COMPAQ Classic of New Or,2000,COMPAQ Classic of New Orleans
018,HP Classic of New Orleans,2003,HP Classic of New Orleans
018,HP Classic of New Orleans,2004,HP Classic of New Orleans
018,Compaq Classic of New Or,2001,Compaq Classic of New Orleans
018,Compaq Classic of New Or,2002,Compaq Classic of New Orleans
033,PGA Championship,2016,PGA Championship
033,PGA Championship,2000,PGA Championship
033,PGA Championship,2001,PGA Championship
033,PGA Championship,2002,PGA Championship
033,PGA Championship,2003,PGA Championship
033,PGA Championship,2004,PGA Championship
033,PGA Championship,2005,PGA Championship
033,PGA Championship,2006,PGA Championship
033,PGA Championship,2007,PGA Championship
033,PGA Championship,2008,PGA Championship
033,PGA Championship,2009,PGA Championship
033,PGA Championship,2010,PGA Championship
033,PGA Championship,2011,PGA Championship
033,PGA Championship,2012,PGA Championship
033,PGA Championship,2013,PGA Championship
033,PGA Championship,2014,PGA Championship
033,PGA Championship,2015,PGA Championship
056,The International/Qwest,2000,The International Presented by Qwest
056,The INTERNATIONAL,2003,The INTERNATIONAL
056,The INTERNATIONAL,2004,The INTERNATIONAL
056,The INTERNATIONAL,2005,The INTERNATIONAL
056,The INTERNATIONAL,2006,The INTERNATIONAL
056,The INTERNATIONAL Qwest,2001,The INTERNATIONAL Presented by Qwest
056,The INTERNATIONAL Qwest,2002,The INTERNATIONAL Presented by Qwest
031,Michelob Championship,2000,Michelob Championship at Kingsmill
031,Michelob Championship,2001,Michelob Championship at Kingsmill
031,Michelob Championship,2002,Michelob Championship at Kingsmill
009,Arnold Palmer Invt'l,2016,Arnold Palmer Invitational presented by MasterCard
009,Arnold Palmer Invt'l,2017,Arnold Palmer Invitational presented by Mastercard
009,Arnold Palmer Invt'l,2007,Arnold Palmer Invitational presented by MasterCard
009,Arnold Palmer Invt'l,2008,Arnold Palmer Invitational presented by MasterCard
009,Arnold Palmer Invt'l,2009,Arnold Palmer Invitational presented by MasterCard
009,Arnold Palmer Invt'l,2010,Arnold Palmer Invitational presented by MasterCard
009,Arnold Palmer Invt'l,2011,Arnold Palmer Invitational presented by MasterCard
009,Arnold Palmer Invt'l,2012,Arnold Palmer Invitational presented by MasterCard
009,Arnold Palmer Invt'l,2013,Arnold Palmer Invitational presented by MasterCard
009,Arnold Palmer Invt'l,2014,Arnold Palmer Invitational presented by MasterCard
009,Arnold Palmer Invt'l,2015,Arnold Palmer Invitational presented by MasterCard
009,Bay Hill Invitational,2000,Bay Hill Invitational
009,Bay Hill Invitational,2001,Bay Hill Invitational
009,Bay Hill Invitational,2002,Bay Hill Invitational presented by Cooper Tires
009,Bay Hill Invitational,2003,Bay Hill Invitational presented by Cooper Tires
009,Bay Hill Invitational,2004,Bay Hill Invitational Presented by MasterCard
009,Bay Hill Invitational,2005,Bay Hill Invitational Presented by MasterCard
009,Bay Hill Invitational,2006,Bay Hill Invitational Presented by MasterCard
034,Travelers Championship,2016,Travelers Championship
034,Travelers Championship,2007,Travelers Championship
034,Travelers Championship,2008,Travelers Championship
034,Travelers Championship,2009,Travelers Championship
034,Travelers Championship,2010,Travelers Championship
034,Travelers Championship,2011,Travelers Championship
034,Travelers Championship,2012,Travelers Championship
034,Travelers Championship,2013,Travelers Championship
034,Travelers Championship,2014,Travelers Championship
034,Travelers Championship,2015,Travelers Championship
034,Canon Greater Hartford Op,2000,Canon Greater Hartford Open
034,Canon Greater Hartford Op,2001,Canon Greater Hartford Open
034,Canon Greater Hartford Op,2002,Canon Greater Hartford Open
034,Greater Hartford Open,2003,Greater Hartford Open
034,Buick Championship,2004,Buick Championship
034,Buick Championship,2005,Buick Championship
034,Buick Championship,2006,Buick Championship
493,The RSM Classic,2016,The RSM Classic
493,The RSM Classic,2017,The RSM Classic
493,The McGladrey Classic,2010,The McGladrey Classic
493,The McGladrey Classic,2011,The McGladrey Classic
493,The McGladrey Classic,2012,The McGladrey Classic
493,The McGladrey Classic,2013,The McGladrey Classic
493,The McGladrey Classic,2014,The McGladrey Classic
493,The McGladrey Classic,2015,The McGladrey Classic
519,Olympic Men's Golf,2016,Olympic Men's Golf Competition
518,Barbasol Championship,2016,Barbasol Championship
518,Barbasol Championship,2015,Barbasol Championship
483,Puerto Rico Open,2016,Puerto Rico Open at Coco Beach
483,Puerto Rico Open,2017,Puerto Rico Open
483,Puerto Rico Open,2008,Puerto Rico Open presented by Banco Popular
483,Puerto Rico Open,2009,Puerto Rico Open presented by Banco Popular
483,Puerto Rico Open,2010,Puerto Rico Open presented by Banco Popular
483,Puerto Rico Open,2011,Puerto Rico Open presented by seepuertorico.com
483,Puerto Rico Open,2012,Puerto Rico Open presented by seepuertorico.com
483,Puerto Rico Open,2013,Puerto Rico Open presented by seepuertorico.com
483,Puerto Rico Open,2014,Puerto Rico Open presented by seepuertorico.com
483,Puerto Rico Open,2015,Puerto Rico Open
051,ConAgra Foods Skins Game,2003,The ConAgra Foods Skins Game
051,Skins Game,2000,Skins Game
051,Skins Game,2001,Skins Game
051,Skins Game,2002,Skins Game
051,LG SKINS GAME,2008,LG SKINS GAME
051,LG SKINS GAME,2006,LG SKINS GAME
051,LG SKINS GAME,2007,LG SKINS GAME
051,Merrill Lynch Skins Game,2004,Merrill Lynch Skins Game
051,Merrill Lynch Skins Game,2005,Merrill Lynch Skins Game
002,The 50th Bob Hope Classic,2009,The 50th Bob Hope Classic hosted by Arnold Palmer
002,Humana Challenge,2012,Humana Challenge in partnership with the Clinton Foundation
002,Humana Challenge,2013,Humana Challenge in partnership with the Clinton Foundation
002,Humana Challenge,2014,Humana Challenge in partnership with the Clinton Foundation
002,Humana Challenge,2015,Humana Challenge in partnership with the Clinton Foundation
002,Bob Hope Chrysler Classic,2000,Bob Hope Chrysler Classic
002,Bob Hope Chrysler Classic,2001,Bob Hope Chrysler Classic
002,Bob Hope Chrysler Classic,2002,Bob Hope Chrysler Classic
002,Bob Hope Chrysler Classic,2003,Bob Hope Chrysler Classic
002,Bob Hope Chrysler Classic,2004,Bob Hope Chrysler Classic
002,Bob Hope Chrysler Classic,2005,Bob Hope Chrysler Classic
002,Bob Hope Chrysler Classic,2006,Bob Hope Chrysler Classic
002,Bob Hope Chrysler Classic,2007,Bob Hope Chrysler Classic
002,Bob Hope Chrysler Classic,2008,Bob Hope Chrysler Classic
002,Bob Hope Classic,2010,Bob Hope Classic
002,Bob Hope Classic,2011,Bob Hope Classic
002,CareerBuilder Challenge,2016,CareerBuilder Challenge in partnership with the Clinton Foundation
002,CareerBuilder Challenge,2017,CareerBuilder Challenge
037,B.C. Open,2000,B.C. Open
037,B.C. Open,2001,B.C. Open
037,B.C. Open,2002,B.C. Open
037,B.C. Open,2003,B.C. Open
037,B.C. Open,2004,B.C. Open
037,B.C. Open,2005,B.C. Open
037,B.C. Open,2006,B.C. Open presented by Turning Stone Resort
032,Bell Canadian Open,2000,Bell Canadian Open
032,Bell Canadian Open,2001,Bell Canadian Open
032,Bell Canadian Open,2002,Bell Canadian Open
032,Bell Canadian Open,2003,Bell Canadian Open
032,Bell Canadian Open,2004,Bell Canadian Open
032,Bell Canadian Open,2005,Bell Canadian Open
032,Canadian Open,2006,Canadian Open
032,Canadian Open,2007,Canadian Open presented by Franklin Templeton Investments
032,RBC Canadian Open,2016,RBC Canadian Open
032,RBC Canadian Open,2008,RBC Canadian Open
032,RBC Canadian Open,2009,RBC Canadian Open
032,RBC Canadian Open,2010,RBC Canadian Open
032,RBC Canadian Open,2011,RBC Canadian Open
032,RBC Canadian Open,2012,RBC Canadian Open
032,RBC Canadian Open,2013,RBC Canadian Open
032,RBC Canadian Open,2014,RBC Canadian Open
032,RBC Canadian Open,2015,RBC Canadian Open
505,Deutsche Bank Champ,2016,Deutsche Bank Championship
505,Deutsche Bank Champ,2003,Deutsche Bank Championship
505,Deutsche Bank Champ,2004,Deutsche Bank Championship
505,Deutsche Bank Champ,2005,Deutsche Bank Championship
505,Deutsche Bank Champ,2006,Deutsche Bank Championship
505,Deutsche Bank Champ,2007,Deutsche Bank Championship
505,Deutsche Bank Champ,2008,Deutsche Bank Championship
505,Deutsche Bank Champ,2009,Deutsche Bank Championship
505,Deutsche Bank Champ,2010,Deutsche Bank Championship
505,Deutsche Bank Champ,2011,Deutsche Bank Championship
505,Deutsche Bank Champ,2012,Deutsche Bank Championship
505,Deutsche Bank Champ,2013,Deutsche Bank Championship
505,Deutsche Bank Champ,2014,Deutsche Bank Championship
505,Deutsche Bank Champ,2015,Deutsche Bank Championship
060,TOUR Championship,2016,TOUR Championship
060,TOUR Championship,2011,TOUR Championship by Coca-Cola
060,TOUR Championship,2012,TOUR Championship by Coca-Cola
060,TOUR Championship,2013,TOUR Championship by Coca-Cola
060,TOUR Championship,2014,TOUR Championship by Coca-Cola
060,TOUR Championship,2015,TOUR Championship by Coca-Cola
060,THE TOUR Championship,2000,THE TOUR Championship
060,THE TOUR Championship,2001,THE TOUR Championship
060,THE TOUR Championship,2002,THE TOUR Championship presented by Coca-Cola
060,THE TOUR Championship,2003,THE TOUR Championship presented by Coca-Cola
060,THE TOUR Championship,2004,THE TOUR Championship presented by Coca-Cola
060,THE TOUR Championship,2005,THE TOUR Championship presented by Coca-Cola
060,THE TOUR Championship,2006,THE TOUR Championship presented by Coca-Cola
060,THE TOUR Championship,2007,THE TOUR Championship presented by Coca-Cola
060,THE TOUR Championship,2008,THE TOUR Championship presented by Coca-Cola
060,THE TOUR Championship,2009,THE TOUR Championship presented by Coca-Cola
060,THE TOUR Championship,2010,THE TOUR Championship presented by Coca-Cola
088,PGA TOUR Qualifying Tourn,2000,PGA TOUR Qualifying Tournament
088,PGA TOUR Qualifying Tourn,2001,PGA TOUR Qualifying Tournament
088,PGA TOUR Qualifying Tourn,2002,PGA TOUR Qualifying Tournament
088,PGA TOUR Qualifying Tourn,2003,PGA TOUR Qualifying Tournament
088,PGA TOUR Qualifying Tourn,2004,PGA TOUR Qualifying Tournament
088,PGA TOUR Qualifying Tourn,2005,PGA TOUR Qualifying Tournament
088,PGA TOUR Qualifying Tourn,2006,PGA TOUR Qualifying Tournament
088,PGA TOUR Qualifying Tourn,2007,PGA TOUR Qualifying Tournament
088,PGA TOUR Qualifying Tourn,2008,PGA TOUR Qualifying Tournament
088,PGA TOUR Qualifying Tourn,2009,PGA TOUR Qualifying Tournament
088,PGA TOUR Qualifying Tourn,2010,PGA TOUR Qualifying Tournament
088,PGA TOUR Qualifying Tourn,2011,PGA TOUR Qualifying Tournament
088,PGA TOUR Qualifying Tourn,2012,PGA TOUR Qualifying Tournament
468,Ryder Cup,2001,Ryder Cup
468,Ryder Cup,2002,Ryder Cup
468,Ryder Cup,2004,Ryder Cup
468,Ryder Cup,2006,Ryder Cup
468,Ryder Cup,2008,Ryder Cup
468,Ryder Cup,2010,Ryder Cup
468,Ryder Cup,2012,Ryder Cup
468,Ryder Cup,2014,Ryder Cup
005,AT&T; Pebble Beach,2016,AT&T; Pebble Beach Pro-Am
005,AT&T; Pebble Beach,2017,AT&T; Pebble Beach Pro-Am
005,AT&T; Pebble Beach,2000,AT&T; Pebble Beach National Pro-Am
005,AT&T; Pebble Beach,2001,AT&T; Pebble Beach National Pro-Am
005,AT&T; Pebble Beach,2002,AT&T; Pebble Beach National Pro-Am
005,AT&T; Pebble Beach,2003,AT&T; Pebble Beach National Pro-Am
005,AT&T; Pebble Beach,2004,AT&T; Pebble Beach National Pro-Am
005,AT&T; Pebble Beach,2005,AT&T; Pebble Beach National Pro-Am
005,AT&T; Pebble Beach,2006,AT&T; Pebble Beach National Pro-Am
005,AT&T; Pebble Beach,2007,AT&T; Pebble Beach National Pro-Am
005,AT&T; Pebble Beach,2008,AT&T; Pebble Beach National Pro-Am
005,AT&T; Pebble Beach,2009,AT&T; Pebble Beach National Pro-Am
005,AT&T; Pebble Beach,2010,AT&T; Pebble Beach National Pro-Am
005,AT&T; Pebble Beach,2011,AT&T; Pebble Beach National Pro-Am
005,AT&T; Pebble Beach,2012,AT&T; Pebble Beach National Pro-Am
005,AT&T; Pebble Beach,2013,AT&T; Pebble Beach National Pro-Am
005,AT&T; Pebble Beach,2014,AT&T; Pebble Beach National Pro-Am
005,AT&T; Pebble Beach,2015,AT&T; Pebble Beach National Pro-Am
464,Safeway Open,2017,Safeway Open
464,Frys.com Open,2016,Frys.com Open
464,Frys.com Open,2008,Frys.com Open
464,Frys.com Open,2009,Frys.com Open
464,Frys.com Open,2010,Frys.com Open
464,Frys.com Open,2011,Frys.com Open
464,Frys.com Open,2012,Frys.com Open
464,Frys.com Open,2013,Frys.com Open
464,Frys.com Open,2014,Frys.com Open
464,Frys.com Open,2015,Frys.com Open
464,Fry's Electronics Open,2007,Fry's Electronics Open
007,Genesis Open,2017,Genesis Open
007,Nissan Open,2000,Nissan Open
007,Nissan Open,2001,Nissan Open
007,Nissan Open,2002,Nissan Open
007,Nissan Open,2003,Nissan Open
007,Nissan Open,2004,Nissan Open
007,Nissan Open,2005,Nissan Open
007,Nissan Open,2006,Nissan Open
007,Nissan Open,2007,Nissan Open
007,Northern Trust Open,2016,Northern Trust Open
007,Northern Trust Open,2008,Northern Trust Open
007,Northern Trust Open,2009,Northern Trust Open
007,Northern Trust Open,2010,Northern Trust Open
007,Northern Trust Open,2011,Northern Trust Open
007,Northern Trust Open,2012,Northern Trust Open
007,Northern Trust Open,2013,Northern Trust Open
007,Northern Trust Open,2014,Northern Trust Open
007,Northern Trust Open,2015,Northern Trust Open
025,St. Jude Classic,2009,St. Jude Classic presented by FedEx
025,St. Jude Classic,2010,St. Jude Classic presented by Smith & Nephew
025,FedEx St. Jude Classic,2016,FedEx St. Jude Classic
025,FedEx St. Jude Classic,2000,FedEx St. Jude Classic
025,FedEx St. Jude Classic,2001,FedEx St. Jude Classic
025,FedEx St. Jude Classic,2002,FedEx St. Jude Classic
025,FedEx St. Jude Classic,2003,FedEx St. Jude Classic
025,FedEx St. Jude Classic,2004,FedEx St. Jude Classic
025,FedEx St. Jude Classic,2005,FedEx St. Jude Classic
025,FedEx St. Jude Classic,2006,FedEx St. Jude Classic
025,FedEx St. Jude Classic,2011,FedEx St. Jude Classic
025,FedEx St. Jude Classic,2012,FedEx St. Jude Classic
025,FedEx St. Jude Classic,2013,FedEx St. Jude Classic
025,FedEx St. Jude Classic,2014,FedEx St. Jude Classic
025,FedEx St. Jude Classic,2015,FedEx St. Jude Classic
025,Stanford St. Jude Champ,2008,Stanford St. Jude Championship
025,Stanford St. Jude Champ,2007,Stanford St. Jude Championship
024,FBR Capital Open,2003,FBR Capital Open
024,Booz Allen Classic,2004,Booz Allen Classic
024,Booz Allen Classic,2005,Booz Allen Classic
024,Booz Allen Classic,2006,Booz Allen Classic
024,Kemper Insurance Open,2000,Kemper Insurance Open
024,Kemper Insurance Open,2001,Kemper Insurance Open
024,Kemper Insurance Open,2002,Kemper Insurance Open
001,Chrysler Classic Tucson,2003,Chrysler Classic of Tucson
001,Chrysler Classic Tucson,2004,Chrysler Classic of Tucson
001,Chrysler Classic Tucson,2005,Chrysler Classic of Tucson
001,Chrysler Classic Tucson,2006,Chrysler Classic of Tucson
001,Touchstone Energy Tucson,2000,Touchstone Energy Tucson Open
001,Touchstone Energy Tucson,2001,Touchstone Energy Tucson Open
001,Touchstone Energy Tucson,2002,Touchstone Energy Tucson Open
026,U.S. Open Championship,2000,U.S. Open Championship
026,U.S. Open Championship,2001,U.S. Open Championship
026,U.S. Open Championship,2002,U.S. Open Championship
026,U.S. Open Championship,2003,U.S. Open Championship
026,U.S. Open Championship,2004,U.S. Open Championship
026,U.S. Open Championship,2005,U.S. Open Championship
026,U.S. Open Championship,2006,U.S. Open Championship
026,U.S. Open Championship,2007,U.S. Open Championship
026,U.S. Open Championship,2008,U.S. Open Championship
026,U.S. Open Championship,2009,U.S. Open Championship
026,U.S. Open Championship,2010,U.S. Open Championship
026,U.S. Open,2016,U.S. Open
026,U.S. Open,2011,U.S. Open
026,U.S. Open,2012,U.S. Open
026,U.S. Open,2013,U.S. Open
026,U.S. Open,2014,U.S. Open
026,U.S. Open,2015,U.S. Open
021,DEAN & DELUCA Invt'l,2016,DEAN & DELUCA Invitational
021,MasterCard Colonial,2000,MasterCard Colonial
021,MasterCard Colonial,2001,MasterCard Colonial
021,MasterCard Colonial,2002,MasterCard Colonial
021,Bank of America Colonial,2003,Bank of America Colonial
021,Bank of America Colonial,2004,Bank of America Colonial
021,Bank of America Colonial,2005,Bank of America Colonial
021,Bank of America Colonial,2006,Bank of America Colonial
021,Crowne Plaza Invitational,2007,Crowne Plaza Invitational at Colonial
021,Crowne Plaza Invitational,2008,Crowne Plaza Invitational at Colonial
021,Crowne Plaza Invitational,2009,Crowne Plaza Invitational at Colonial
021,Crowne Plaza Invitational,2010,Crowne Plaza Invitational at Colonial
021,Crowne Plaza Invitational,2011,Crowne Plaza Invitational at Colonial
021,Crowne Plaza Invitational,2012,Crowne Plaza Invitational at Colonial
021,Crowne Plaza Invitational,2013,Crowne Plaza Invitational at Colonial
021,Crowne Plaza Invitational,2014,Crowne Plaza Invitational at Colonial
021,Crowne Plaza Invitational,2015,Crowne Plaza Invitational at Colonial
020,Shell Houston Open,2016,Shell Houston Open
020,Shell Houston Open,2017,Shell Houston Open
020,Shell Houston Open,2000,Shell Houston Open
020,Shell Houston Open,2001,Shell Houston Open
020,Shell Houston Open,2002,Shell Houston Open
020,Shell Houston Open,2003,Shell Houston Open
020,Shell Houston Open,2004,Shell Houston Open
020,Shell Houston Open,2005,Shell Houston Open
020,Shell Houston Open,2006,Shell Houston Open
020,Shell Houston Open,2007,Shell Houston Open
020,Shell Houston Open,2008,Shell Houston Open
020,Shell Houston Open,2009,Shell Houston Open
020,Shell Houston Open,2010,Shell Houston Open
020,Shell Houston Open,2011,Shell Houston Open
020,Shell Houston Open,2012,Shell Houston Open
020,Shell Houston Open,2013,Shell Houston Open
020,Shell Houston Open,2014,Shell Houston Open
020,Shell Houston Open,2015,Shell Houston Open
489,WGC-HSBC Champions,2016,World Golf Championships-HSBC Champions
489,WGC-HSBC Champions,2017,World Golf Championships-HSBC Champions
489,WGC-HSBC Champions,2009,World Golf Championships-HSBC Champions
489,WGC-HSBC Champions,2010,World Golf Championships-HSBC Champions
489,WGC-HSBC Champions,2011,World Golf Championships-HSBC Champions
489,WGC-HSBC Champions,2012,World Golf Championships-HSBC Champions
489,WGC-HSBC Champions,2013,World Golf Championships-HSBC Champions
489,WGC-HSBC Champions,2014,World Golf Championships-HSBC Champions
489,WGC-HSBC Champions,2015,World Golf Championships-HSBC Champions
022,AT&T; Classic,2008,AT&T; Classic
022,AT&T; Classic,2007,AT&T; Classic
022,BellSouth Classic,2000,BellSouth Classic
022,BellSouth Classic,2001,BellSouth Classic
022,BellSouth Classic,2002,BellSouth Classic
022,BellSouth Classic,2003,BellSouth Classic
022,BellSouth Classic,2004,BellSouth Classic
022,BellSouth Classic,2005,BellSouth Classic
022,BellSouth Classic,2006,BellSouth Classic
047,Frys.com Open,2006,Frys.com Open
047,Frys.com Open,2007,Frys.com Open benefiting Shriners Hospitals for Children
047,Shriners Hospitals,2016,Shriners Hospitals for Children Open
047,Shriners Hospitals,2017,Shriners Hospitals for Children Open
047,Shriners Hospitals,2013,Shriners Hospitals for Children Open
047,Shriners Hospitals,2014,Shriners Hospitals for Children Open
047,Shriners Hospitals,2015,Shriners Hospitals for Children Open
047,Invensys Clssic Las Vegas,2001,Invensys Classic at Las Vegas
047,Invensys Clssic Las Vegas,2002,Invensys Classic at Las Vegas
047,Las Vegas Invitational,2003,Las Vegas Invitational
047,Invensys Clssic/Las Vegas,2000,Invensys Classic at Las Vegas
047,JT Shriners,2012,Justin Timberlake Shriners Hospitals for Children Open
047,Michelin Championship,2004,Michelin Championship at Las Vegas
047,Michelin Championship,2005,Michelin Championship at Las Vegas
047,Justin Timberlake,2008,Justin Timberlake Shriners Hospitals for Children Open
047,Justin Timberlake,2009,Justin Timberlake Shriners Hospitals for Children Open
047,Justin Timberlake,2010,Justin Timberlake Shriners Hospitals for Children Open
047,Justin Timberlake,2011,Justin Timberlake Shriners Hospitals for Children Open
100,The Open Championship,2016,The Open Championship
100,The Open Championship,2000,The Open Championship
100,The Open Championship,2001,The Open Championship
100,The Open Championship,2002,The Open Championship
100,The Open Championship,2003,The Open Championship
100,The Open Championship,2004,The Open Championship
100,The Open Championship,2005,The Open Championship
100,The Open Championship,2006,The Open Championship
100,The Open Championship,2007,The Open Championship
100,The Open Championship,2008,The Open Championship
100,The Open Championship,2009,The Open Championship
100,The Open Championship,2010,The Open Championship
100,The Open Championship,2011,The Open Championship
100,The Open Championship,2012,The Open Championship
100,The Open Championship,2013,The Open Championship
100,The Open Championship,2014,The Open Championship
100,The Open Championship,2015,The Open Championship
008,Ford Championship @ Doral,2003,Ford Championship at Doral
008,Ford Championship @ Doral,2004,Ford Championship at Doral
008,Ford Championship @ Doral,2005,Ford Championship at Doral
008,Ford Championship @ Doral,2006,Ford Championship at Doral
008,Genuity Championship,2001,Genuity Championship
008,Genuity Championship,2002,Genuity Championship
008,Doral-Ryder Open,2000,Doral-Ryder Open
029,Greater Milwaukee Open,2000,Greater Milwaukee Open
029,Greater Milwaukee Open,2001,Greater Milwaukee Open
029,Greater Milwaukee Open,2002,Greater Milwaukee Open
029,Greater Milwaukee Open,2003,Greater Milwaukee Open
029,U.S. Bank in Milwaukee,2004,U.S. Bank Championship in Milwaukee
029,U.S. Bank in Milwaukee,2005,U.S. Bank Championship in Milwaukee
029,U.S. Bank in Milwaukee,2006,U.S. Bank Championship in Milwaukee
029,U.S. Bank in Milwaukee,2007,U.S. Bank Championship in Milwaukee
029,U.S. Bank in Milwaukee,2008,U.S. Bank Championship in Milwaukee
029,U.S. Bank in Milwaukee,2009,U.S. Bank Championship in Milwaukee
028,Advil Western Open,2000,Advil Western Open
028,Advil Western Open,2001,Advil Western Open
028,Advil Western Open,2002,Advil Western Open
028,BMW Championship,2016,BMW Championship
028,BMW Championship,2007,BMW Championship
028,BMW Championship,2008,BMW Championship
028,BMW Championship,2009,BMW Championship
028,BMW Championship,2010,BMW Championship
028,BMW Championship,2011,BMW Championship
028,BMW Championship,2012,BMW Championship
028,BMW Championship,2013,BMW Championship
028,BMW Championship,2014,BMW Championship
028,BMW Championship,2015,BMW Championship
028,100th Western Open,2003,100th Western Open presented by Golf Digest
028,Cialis Western Open,2004,Cialis Western Open
028,Cialis Western Open,2005,Cialis Western Open
028,Cialis Western Open,2006,Cialis Western Open
041,Westin Texas Open,2000,Westin Texas Open at LaCantera
041,Valero Texas Open,2016,Valero Texas Open
041,Valero Texas Open,2002,Valero Texas Open
041,Valero Texas Open,2003,Valero Texas Open
041,Valero Texas Open,2004,Valero Texas Open
041,Valero Texas Open,2005,Valero Texas Open
041,Valero Texas Open,2006,Valero Texas Open
041,Valero Texas Open,2007,Valero Texas Open
041,Valero Texas Open,2008,Valero Texas Open
041,Valero Texas Open,2009,Valero Texas Open
041,Valero Texas Open,2010,Valero Texas Open
041,Valero Texas Open,2011,Valero Texas Open
041,Valero Texas Open,2012,Valero Texas Open
041,Valero Texas Open,2013,Valero Texas Open
041,Valero Texas Open,2014,Valero Texas Open
041,Valero Texas Open,2015,Valero Texas Open
041,Texas Open at LaCantera,2001,Texas Open at LaCantera
480,Wachovia Championship,2003,Wachovia Championship
480,Wachovia Championship,2004,Wachovia Championship
480,Wachovia Championship,2005,Wachovia Championship
480,Wachovia Championship,2006,Wachovia Championship
480,Wachovia Championship,2007,Wachovia Championship
480,Wachovia Championship,2008,Wachovia Championship
480,Wells Fargo Championship,2016,Wells Fargo Championship
480,Wells Fargo Championship,2011,Wells Fargo Championship
480,Wells Fargo Championship,2012,Wells Fargo Championship
480,Wells Fargo Championship,2013,Wells Fargo Championship
480,Wells Fargo Championship,2014,Wells Fargo Championship
480,Wells Fargo Championship,2015,Wells Fargo Championship
480,Quail Hollow Championship,2009,Quail Hollow Championship
480,Quail Hollow Championship,2010,Quail Hollow Championship
003,Phoenix Open,2000,Phoenix Open
003,Phoenix Open,2001,Phoenix Open
003,Phoenix Open,2002,Phoenix Open
003,Phoenix Open,2003,Phoenix Open
003,FBR Open,2004,FBR Open
003,FBR Open,2005,FBR Open
003,FBR Open,2006,FBR Open
003,FBR Open,2007,FBR Open
003,FBR Open,2008,FBR Open
003,FBR Open,2009,FBR Open
003,Waste Management Phoenix,2016,Waste Management Phoenix Open
003,Waste Management Phoenix,2017,Waste Management Phoenix Open
003,Waste Management Phoenix,2010,Waste Management Phoenix Open
003,Waste Management Phoenix,2011,Waste Management Phoenix Open
003,Waste Management Phoenix,2012,Waste Management Phoenix Open
003,Waste Management Phoenix,2013,Waste Management Phoenix Open
003,Waste Management Phoenix,2014,Waste Management Phoenix Open
003,Waste Management Phoenix,2015,Waste Management Phoenix Open
494,CIMB Asia Pacific Classic,2010,CIMB Asia Pacific Classic Malaysia
494,CIMB Asia Pacific Classic,2011,CIMB Asia Pacific Classic Malaysia
494,CIMB Classic,2016,CIMB Classic
494,CIMB Classic,2017,CIMB Classic
494,CIMB Classic,2012,CIMB Classic
494,CIMB Classic,2013,CIMB Classic
494,CIMB Classic,2014,CIMB Classic
494,CIMB Classic,2015,CIMB Classic
011,THE PLAYERS Championship,2016,THE PLAYERS Championship
011,THE PLAYERS Championship,2000,THE PLAYERS Championship
011,THE PLAYERS Championship,2001,THE PLAYERS Championship
011,THE PLAYERS Championship,2002,THE PLAYERS Championship
011,THE PLAYERS Championship,2003,THE PLAYERS Championship
011,THE PLAYERS Championship,2004,THE PLAYERS Championship
011,THE PLAYERS Championship,2005,THE PLAYERS Championship
011,THE PLAYERS Championship,2006,THE PLAYERS Championship
011,THE PLAYERS Championship,2007,THE PLAYERS Championship
011,THE PLAYERS Championship,2008,THE PLAYERS Championship
011,THE PLAYERS Championship,2009,THE PLAYERS Championship
011,THE PLAYERS Championship,2010,THE PLAYERS Championship
011,THE PLAYERS Championship,2011,THE PLAYERS Championship
011,THE PLAYERS Championship,2012,THE PLAYERS Championship
011,THE PLAYERS Championship,2013,THE PLAYERS Championship
011,THE PLAYERS Championship,2014,THE PLAYERS Championship
011,THE PLAYERS Championship,2015,THE PLAYERS Championship
027,Barclays Classic,2005,Barclays Classic
027,Barclays Classic,2006,Barclays Classic
027,The Barclays,2016,The Barclays
027,The Barclays,2007,The Barclays
027,The Barclays,2008,The Barclays
027,The Barclays,2009,The Barclays
027,The Barclays,2010,The Barclays
027,The Barclays,2011,The Barclays
027,The Barclays,2012,The Barclays
027,The Barclays,2013,The Barclays
027,The Barclays,2014,The Barclays
027,The Barclays,2015,The Barclays
027,Buick Classic,2000,Buick Classic
027,Buick Classic,2001,Buick Classic
027,Buick Classic,2002,Buick Classic
027,Buick Classic,2003,Buick Classic
027,Buick Classic,2004,Buick Classic
472,Barracuda Championship,2016,Barracuda Championship
472,Barracuda Championship,2014,Barracuda Championship
472,Barracuda Championship,2015,Barracuda Championship
472,Legends Reno-Tahoe Open,2008,Legends Reno-Tahoe Open
472,Legends Reno-Tahoe Open,2009,Legends Reno-Tahoe Open
472,Reno-Tahoe Open,2000,Reno-Tahoe Open
472,Reno-Tahoe Open,2001,Reno-Tahoe Open
472,Reno-Tahoe Open,2002,Reno-Tahoe Open
472,Reno-Tahoe Open,2003,Reno-Tahoe Open
472,Reno-Tahoe Open,2004,Reno-Tahoe Open
472,Reno-Tahoe Open,2005,Reno-Tahoe Open
472,Reno-Tahoe Open,2006,Reno-Tahoe Open
472,Reno-Tahoe Open,2007,Reno-Tahoe Open
472,Reno-Tahoe Open,2010,Reno-Tahoe Open
472,Reno-Tahoe Open,2011,Reno-Tahoe Open
472,Reno-Tahoe Open,2012,Reno-Tahoe Open
472,Reno-Tahoe Open,2013,Reno-Tahoe Open
473,WGC-American Express,2000,World Golf Championships-American Express Championship
473,WGC-American Express,2001,World Golf Championships-American Express Championship
473,WGC-American Express,2002,World Golf Championships-American Express Championship
473,WGC-American Express,2003,World Golf Championships-American Express Championship
473,WGC-American Express,2004,World Golf Championships-American Express Championship
473,WGC-American Express,2005,World Golf Championships-American Express Championship
473,WGC-American Express,2006,World Golf Championships-American Express Championship
473,WGC-CA Championship,2008,World Golf Championships-CA Championship
473,WGC-CA Championship,2009,World Golf Championships-CA Championship
473,WGC-CA Championship,2010,World Golf Championships-CA Championship
473,WGC-CA Championship,2007,World Golf Championships-CA Championship
473,WGC-Cadillac Championship,2016,World Golf Championships-Cadillac Championship
473,WGC-Cadillac Championship,2011,World Golf Championships-Cadillac Championship
473,WGC-Cadillac Championship,2012,World Golf Championships-Cadillac Championship
473,WGC-Cadillac Championship,2013,World Golf Championships-Cadillac Championship
473,WGC-Cadillac Championship,2014,World Golf Championships-Cadillac Championship
473,WGC-Cadillac Championship,2015,World Golf Championships-Cadillac Championship
470,WGC-Dell Tech Match Play,2017,World Golf Championships-Dell Technologies Match Play
470,WGC-Dell Match Play,2016,World Golf Championships-Dell Match Play
470,WGC-Accenture Match Play,2000,World Golf Championships-Accenture Match Play Championship
470,WGC-Accenture Match Play,2001,World Golf Championships-Accenture Match Play Championship
470,WGC-Accenture Match Play,2002,World Golf Championships-Accenture Match Play Championship
470,WGC-Accenture Match Play,2003,World Golf Championships-Accenture Match Play Championship
470,WGC-Accenture Match Play,2004,World Golf Championships-Accenture Match Play Championship
470,WGC-Accenture Match Play,2005,World Golf Championships-Accenture Match Play Championship
470,WGC-Accenture Match Play,2006,World Golf Championships-Accenture Match Play Championship
470,WGC-Accenture Match Play,2007,World Golf Championships-Accenture Match Play Championship
470,WGC-Accenture Match Play,2008,World Golf Championships-Accenture Match Play Championship
470,WGC-Accenture Match Play,2009,World Golf Championships-Accenture Match Play Championship
470,WGC-Accenture Match Play,2010,World Golf Championships-Accenture Match Play Championship
470,WGC-Accenture Match Play,2011,World Golf Championships-Accenture Match Play Championship
470,WGC-Accenture Match Play,2012,World Golf Championships-Accenture Match Play Championship
470,WGC-Accenture Match Play,2013,World Golf Championships-Accenture Match Play Championship
470,WGC-Accenture Match Play,2014,World Golf Championships-Accenture Match Play Championship
470,WGC-Cadillac Match Play,2015,World Golf Championships-Cadillac Match Play
471,AT&T; National,2007,AT&T; National
471,AT&T; National,2008,AT&T; National
471,AT&T; National,2009,AT&T; National
471,AT&T; National,2010,AT&T; National
471,AT&T; National,2011,AT&T; National
471,AT&T; National,2012,AT&T; National
471,AT&T; National,2013,AT&T; National
471,Quicken Loans National,2016,Quicken Loans National
471,Quicken Loans National,2014,Quicken Loans National
471,Quicken Loans National,2015,Quicken Loans National
476,WGC-Bridgestone Invit'l,2016,World Golf Championships-Bridgestone Invitational
476,WGC-Bridgestone Invit'l,2006,World Golf Championships-Bridgestone Invitational
476,WGC-Bridgestone Invit'l,2007,World Golf Championships-Bridgestone Invitational
476,WGC-Bridgestone Invit'l,2008,World Golf Championships-Bridgestone Invitational
476,WGC-Bridgestone Invit'l,2009,World Golf Championships-Bridgestone Invitational
476,WGC-Bridgestone Invit'l,2010,World Golf Championships-Bridgestone Invitational
476,WGC-Bridgestone Invit'l,2011,World Golf Championships-Bridgestone Invitational
476,WGC-Bridgestone Invit'l,2012,World Golf Championships-Bridgestone Invitational
476,WGC-Bridgestone Invit'l,2013,World Golf Championships-Bridgestone Invitational
476,WGC-Bridgestone Invit'l,2014,World Golf Championships-Bridgestone Invitational
476,WGC-Bridgestone Invit'l,2015,World Golf Championships-Bridgestone Invitational
476,WGC-NEC Invitational,2000,World Golf Championships-NEC Invitational
476,WGC-NEC Invitational,2001,World Golf Championships-NEC Invitational
476,WGC-NEC Invitational,2002,World Golf Championships-NEC Invitational
476,WGC-NEC Invitational,2003,World Golf Championships-NEC Invitational
476,WGC-NEC Invitational,2004,World Golf Championships-NEC Invitational
476,WGC-NEC Invitational,2005,World Golf Championships-NEC Invitational
030,John Deere Classic,2016,John Deere Classic
030,John Deere Classic,2000,John Deere Classic
030,John Deere Classic,2001,John Deere Classic
030,John Deere Classic,2002,John Deere Classic
030,John Deere Classic,2003,John Deere Classic
030,John Deere Classic,2004,John Deere Classic
030,John Deere Classic,2005,John Deere Classic
030,John Deere Classic,2006,John Deere Classic
030,John Deere Classic,2007,John Deere Classic
030,John Deere Classic,2008,John Deere Classic
030,John Deere Classic,2009,John Deere Classic
030,John Deere Classic,2010,John Deere Classic
030,John Deere Classic,2011,John Deere Classic
030,John Deere Classic,2012,John Deere Classic
030,John Deere Classic,2013,John Deere Classic
030,John Deere Classic,2014,John Deere Classic
030,John Deere Classic,2015,John Deere Classic
475,Transitions Championship,2009,Transitions Championship
475,Transitions Championship,2010,Transitions Championship
475,Transitions Championship,2011,Transitions Championship
475,Transitions Championship,2012,Transitions Championship
475,Chrysler Championship,2003,Chrysler Championship
475,Chrysler Championship,2004,Chrysler Championship
475,Chrysler Championship,2005,Chrysler Championship
475,Chrysler Championship,2006,Chrysler Championship
475,Tampa Bay Classic,2000,Tampa Bay Classic
475,Tampa Bay Classic,2001,Tampa Bay Classic presented by Buick
475,Tampa Bay Classic,2002,Tampa Bay Classic presented by Buick
475,PODS Championship,2008,PODS Championship
475,PODS Championship,2007,PODS Championship
475,Valspar Championship,2016,Valspar Championship
475,Valspar Championship,2014,Valspar Championship
475,Valspar Championship,2015,Valspar Championship
475,Tampa Bay Championship,2013,Tampa Bay Championship presented by EverBank
014,Masters Tournament,2016,Masters Tournament
014,Masters Tournament,2000,Masters Tournament
014,Masters Tournament,2001,Masters Tournament
014,Masters Tournament,2002,Masters Tournament
014,Masters Tournament,2003,Masters Tournament
014,Masters Tournament,2004,Masters Tournament
014,Masters Tournament,2005,Masters Tournament
014,Masters Tournament,2006,Masters Tournament
014,Masters Tournament,2007,Masters Tournament
014,Masters Tournament,2008,Masters Tournament
014,Masters Tournament,2009,Masters Tournament
014,Masters Tournament,2010,Masters Tournament
014,Masters Tournament,2011,Masters Tournament
014,Masters Tournament,2012,Masters Tournament
014,Masters Tournament,2013,Masters Tournament
014,Masters Tournament,2014,Masters Tournament
014,Masters Tournament,2015,Masters Tournament
478,World Challenge,2012,World Challenge presented by Northwestern Mutual
478,World Challenge,2014,Northwestern Mutual World Challenge
478,Target World Challenge,2002,Target World Challenge presented by Williams
478,Target World Challenge,2003,Target World Challenge presented by Williams
478,Target World Challenge,2004,Target World Challenge
478,Target World Challenge,2005,Target World Challenge presented by Countrywide
478,Target World Challenge,2006,Target World Challenge presented by Countrywide
478,Target World Challenge,2007,Target World Challenge
478,Hero World Challenge,2016,Hero World Challenge
478,Hero World Challenge,2017,Hero World Challenge
478,Hero World Challenge,2013,Hero World Challenge
478,Hero World Challenge,2015,Hero World Challenge
478,Chevron World Challenge,2008,Chevron World Challenge presented by Bank of America
478,Chevron World Challenge,2009,Chevron World Challenge
478,Chevron World Challenge,2010,Chevron World Challenge
478,Chevron World Challenge,2011,Chevron World Challenge
478,Williams World Challenge,2000,Williams World Challenge
478,Williams World Challenge,2001,Williams World Challenge
006,Sony Open in Hawaii,2016,Sony Open in Hawaii
006,Sony Open in Hawaii,2017,Sony Open in Hawaii
006,Sony Open in Hawaii,2000,Sony Open in Hawaii
006,Sony Open in Hawaii,2001,Sony Open in Hawaii
006,Sony Open in Hawaii,2002,Sony Open in Hawaii
006,Sony Open in Hawaii,2003,Sony Open in Hawaii
006,Sony Open in Hawaii,2004,Sony Open in Hawaii
006,Sony Open in Hawaii,2005,Sony Open in Hawaii
006,Sony Open in Hawaii,2006,Sony Open in Hawaii
006,Sony Open in Hawaii,2007,Sony Open in Hawaii
006,Sony Open in Hawaii,2008,Sony Open in Hawaii
006,Sony Open in Hawaii,2009,Sony Open in Hawaii
006,Sony Open in Hawaii,2010,Sony Open in Hawaii
006,Sony Open in Hawaii,2011,Sony Open in Hawaii
006,Sony Open in Hawaii,2012,Sony Open in Hawaii
006,Sony Open in Hawaii,2013,Sony Open in Hawaii
006,Sony Open in Hawaii,2014,Sony Open in Hawaii
006,Sony Open in Hawaii,2015,Sony Open in Hawaii
